Protein,Gene,Protein Length,Organism,Description,C_1 ,C_10 ,C_11 ,C_12 ,C_13 ,C_14 ,C_15 ,C_16 ,C_17 ,C_18 ,C_19 ,C_2 ,C_3 ,C_4 ,C_5 ,C_6 ,C_7 ,C_8 ,C_9 ,HCC_1 ,HCC_10 ,HCC_11 ,HCC_12 ,HCC_13 ,HCC_14 ,HCC_15 ,HCC_16 ,HCC_17 ,HCC_18 ,HCC_19 ,HCC_2 ,HCC_3 ,HCC_4 ,HCC_5 ,HCC_6 ,HCC_7 ,HCC_8 ,HCC_9 
P00711,LALBA,142,Bos taurus,Alpha-lactalbumin,2969402.5,0,0,0,0,0,0,0,0,0,0,0,0,0,0,0,735690.6,0,0,0,0,0,0,0,0,0,0,0,0,0,1533340.5,0,0,0,0,0,0,0
P00761,,231,Sus scrofa,Trypsin,5.925436E7,2.8398282E7,1.8229438E7,1.98023E7,2.419995E7,2.5967084E7,1.3548818E7,1.7187464E7,9438629,3755360.2,3.471736E7,3.54174E7,2.1497486E7,7610801.5,1.6151022E7,2.9929136E7,2.835958E7,1.4886525E7,8120372,6.2651392E7,1.9768092E7,3.2138328E7,1.5370511E7,1.679848E7,2.9953856E7,1.8494894E7,1.4303107E7,1.5897278E7,1.224963E7,3.42666E7,4.3211528E7,1.8252872E7,2.3524824E7,1.6421609E7,1.3958763E7,1.6954046E7,1.372201E7,5171942.5
P02666,CSN2,224,Bos taurus,Beta-casein,0,0,0,0,0,0,0,0,0,0,0,0,0,0,0,0,0,0,0,0,0,0,0,0,0,0,0,0,0,0,0,0,0,0,0,0,0,0
P02769,ALB,607,Bos taurus,Albumin,1.2874503E7,3182184.8,2.6910104E7,1426437.9,176434.06,1911748,1025548.56,0,1029670.44,478128.84,352802.3,802098.1,859721.6,135878.67,1274149.5,2433001.5,1.1687895E7,966002.56,3606647.8,943722.4,2089162.8,2285876.5,1.46322848E8,1388242.9,1.2441039E7,319964.84,1817866.8,973402.6,652220.75,363894.2,7258757.5,0,0,2964898,1375573.1,0,2.2526638E7,659651.2
A0A075B6I0,IGLV8-61,122,Homo sapiens,Immunoglobulin lambda variable 8-61,46617.438,50424.586,0,0,132847.72,101112.914,0,0,53000.363,0,0,0,175274.38,73726.45,0,49309.67,62214.242,155211.06,64594.78,0,0,0,0,205757.25,75695.97,0,0,408296.5,0,73681.93,0,232684.73,102123.36,0,197278.08,0,54760.934,150465.4
A0A075B6I9,IGLV7-46,117,Homo sapiens,Immunoglobulin lambda variable 7-46,0,0,0,0,0,0,0,0,0,0,0,0,0,0,0,0,0,0,0,0,122265.13,0,0,270297.94,0,0,0,0,0,0,0,0,206994.95,0,0,0,0,0
A0A075B6K5,IGLV3-9,115,Homo sapiens,Immunoglobulin lambda variable 3-9,883987.06,1204773.4,861937.4,642224.9,2339834.5,1893113.6,439554.34,1029222.25,954839.25,346617.4,1885343.2,274530.78,338933.3,287947.62,428576.66,727601.7,616542.06,1854434.4,1033372.9,1007967.6,725933.4,767288.94,366351.88,3325329.5,979406.3,599707.6,398576.06,3075470.8,1173484.5,2345917.8,0,1399137.2,1062376.2,2026462.9,1044851.9,559230.6,1058241.8,708142.1
A0A075B6R9,IGKV2D-24,120,Homo sapiens,Probable non-functional immunoglobulin kappa variable 2D-24,335700.75,999958.5,378438.53,74891.18,690645.7,683326.2,268006.28,120370.88,332541.72,0,293983.5,474890.25,518570.22,253905.05,279463.03,173419.95,465633.38,1776607,190424.02,560973.5,561485.9,483632.6,134522.94,699989.4,403685.28,409230.5,183394.56,1318356.6,355400.16,628238.1,237692.84,825282.94,968707.06,375383.28,474426.53,539863.94,1131688.8,161922.98
A0A075B6S5,IGKV1-27,117,Homo sapiens,Immunoglobulin kappa variable 1-27,294370.78,757363.75,126746.6,334982.28,589418,309861.38,161273.28,517528.75,451993.2,165267.89,423390.53,0,287942.25,108985.664,125973.18,0,0,553632.75,161253.88,0,0,0,0,870407.8,0,240328.44,119062.3,1058795.1,183608.2,748903.25,0,485147.7,1006748.7,573752.75,0,340717.78,242149.7,0
